PRAGMA foreign_keys=OFF;
BEGIN TRANSACTION;
CREATE TABLE messenger_messages (id INTEGER PRIMARY KEY AUTOINCREMENT NOT NULL, body CLOB NOT NULL, headers CLOB NOT NULL, queue_name VARCHAR(190) NOT NULL, created_at DATETIME NOT NULL --(DC2Type:datetime_immutable)
        , available_at DATETIME NOT NULL --(DC2Type:datetime_immutable)
        , delivered_at DATETIME DEFAULT NULL --(DC2Type:datetime_immutable)
        );
CREATE TABLE book (id INTEGER PRIMARY KEY AUTOINCREMENT NOT NULL, title VARCHAR(255) NOT NULL, isbn VARCHAR(255) NOT NULL, image VARCHAR(255) DEFAULT NULL, firstname VARCHAR(255) DEFAULT NULL, surname VARCHAR(255) DEFAULT NULL);
INSERT INTO book VALUES(1,'De små hästarna i Tarquinia','9789174610239','img/books/9789174610239.jpg','Marguerite','Duras');
INSERT INTO book VALUES(4,'Dune','9780441013593','/img/books/9780441013593.jpg','Frank','Herbert');
INSERT INTO book VALUES(6,'Revival Deluxe Collection Volume 1','9781607068143','/img/books/9781607068143.jpg','Tim','Seeley');
CREATE TABLE player (id INTEGER PRIMARY KEY AUTOINCREMENT NOT NULL, name VARCHAR(255) DEFAULT NULL, balance INTEGER DEFAULT NULL);
INSERT INTO player VALUES(13,'Hasse',19);
INSERT INTO player VALUES(15,'Orvar',30);
INSERT INTO player VALUES(17,'Tjongas',-10);
INSERT INTO player VALUES(18,'Aruba',29);
INSERT INTO player VALUES(20,'Hans',40);
INSERT INTO player VALUES(22,'Anders',40);
INSERT INTO player VALUES(23,'Adam',40);
CREATE TABLE doctrine_migration_versions (version VARCHAR(191) NOT NULL, executed_at DATETIME DEFAULT NULL, execution_time INTEGER DEFAULT NULL, PRIMARY KEY(version));
INSERT INTO doctrine_migration_versions VALUES('DoctrineMigrations\Version20240620172915','2024-06-20 17:30:24',3);
CREATE TABLE game (id INTEGER PRIMARY KEY AUTOINCREMENT NOT NULL, player_id_id INTEGER NOT NULL, bet INTEGER NOT NULL, finished DATE DEFAULT NULL, american_score INTEGER NOT NULL, british_score INTEGER NOT NULL, winnings INTEGER DEFAULT NULL, deck VARCHAR(255) NOT NULL, placement VARCHAR(255) NOT NULL, saved_date DATE NOT NULL, CONSTRAINT FK_232B318CC036E511 FOREIGN KEY (player_id_id) REFERENCES player (id) ON UPDATE NO ACTION ON DELETE NO ACTION NOT DEFERRABLE INITIALLY IMMEDIATE);
INSERT INTO game VALUES(18,13,10,'2024-06-07',18,10,-10,replace('8 of diamonds\n10 of clubs\n7 of hearts\n5 of spades\n7 of diamonds\njack of clubs\n6 of hearts\n10 of spades\n4 of spades\nking of clubs\n3 of spades\nace of spades\n9 of spades\n9 of diamonds\nace of clubs\n2 of diamonds\njack of spades\n4 of hearts\n4 of clubs\nqueen of spades\n9 of clubs\n8 of clubs\n7 of spades\n3 of diamonds\n2 of clubs\n6 of diamonds\n6 of clubs','\n',char(10)),replace('ace of hearts, 8 of spades, 8 of hearts, 5 of diamonds, 3 of hearts\n9 of hearts, king of hearts, 7 of clubs, king of spades, jack of hearts\nqueen of clubs, king of diamonds, queen of diamonds, 6 of spades, queen of hearts\n5 of clubs, 5 of hearts, 10 of diamonds, ace of diamonds, 2 of spades\n3 of clubs, 2 of hearts, jack of diamonds, 10 of hearts, 4 of diamonds','\n',char(10)),'2024-06-07');
INSERT INTO game VALUES(21,13,10,NULL,2,1,NULL,replace('jack of clubs\nking of hearts\nace of clubs\n3 of hearts\n4 of clubs\nqueen of diamonds\nace of hearts\n3 of diamonds\n5 of spades\n8 of clubs\n5 of clubs\n4 of hearts\n3 of spades\n10 of spades\n8 of spades\njack of hearts\n2 of hearts\nace of spades\n10 of diamonds\n7 of diamonds\n8 of diamonds\nking of clubs\njack of diamonds\n5 of hearts\n7 of spades\n2 of spades\nqueen of spades\nking of spades\n10 of clubs\n8 of hearts\n6 of spades\n2 of clubs\njack of spades\n10 of hearts\n4 of spades\n6 of hearts\nqueen of hearts\n9 of hearts\nace of diamonds\n9 of clubs\n5 of diamonds\n4 of diamonds','\n',char(10)),replace('null, null, null, null, 7 of clubs\nnull, king of diamonds, null, null, 7 of hearts\nnull, null, 3 of clubs, null, 9 of spades\nnull, null, null, 6 of clubs, queen of clubs\nnull, null, 2 of diamonds, 9 of diamonds, 6 of diamonds','\n',char(10)),'2024-06-25');
INSERT INTO game VALUES(22,15,20,'2024-06-20',8,4,-20,replace('10 of diamonds\nace of diamonds\n3 of clubs\njack of spades\n7 of hearts\n8 of spades\n9 of spades\nking of hearts\njack of diamonds\n4 of clubs\n9 of clubs\n7 of spades\n2 of clubs','\n',char(10)),replace('jack of clubs, 5 of diamonds, 5 of clubs, 7 of diamonds, 3 of hearts\n3 of diamonds, 2 of spades, 10 of clubs, 9 of diamonds, queen of hearts\n8 of hearts, 6 of spades, ace of hearts, 4 of hearts, jack of hearts\n6 of diamonds, 5 of spades, 4 of diamonds, queen of spades, ace of spades\n2 of diamonds, 8 of clubs, 2 of hearts, 9 of hearts, king of clubs','\n',char(10)),'2024-06-20');
INSERT INTO game VALUES(23,15,20,'2024-06-20',15,8,-20,replace('10 of diamonds\nace of diamonds\n3 of clubs\njack of spades\n7 of hearts\n8 of spades\n9 of spades\nking of hearts\njack of diamonds\n4 of clubs\n9 of clubs\n7 of spades\n2 of clubs','\n',char(10)),replace('jack of clubs, 5 of diamonds, 5 of clubs, 7 of diamonds, 3 of hearts\nqueen of spades, 2 of spades, 10 of clubs, 9 of diamonds, 4 of hearts\nqueen of hearts, 9 of hearts, ace of hearts, queen of diamonds, 4 of spades\njack of hearts, ace of clubs, 6 of hearts, 7 of clubs, ace of spades\n4 of diamonds, 8 of clubs, 2 of hearts, 10 of spades, 5 of spades','\n',char(10)),'2024-06-20');
INSERT INTO game VALUES(24,17,25,'2024-06-06',113,45,-25,replace('9 of hearts\nking of hearts\n3 of clubs\nking of spades\n9 of spades\njack of clubs\n2 of diamonds\nace of hearts\n5 of diamonds\njack of spades\n6 of clubs\nace of clubs\n10 of hearts\n8 of spades\nking of clubs\nqueen of diamonds\n10 of clubs\n3 of spades\n4 of clubs\n4 of diamonds\n4 of spades\n6 of diamonds\nace of spades\n8 of hearts\nking of diamonds\n7 of clubs\n7 of hearts','\n',char(10)),replace('7 of diamonds, 3 of diamonds, ace of diamonds, 10 of diamonds, 9 of diamonds\n4 of hearts, 2 of hearts, 5 of hearts, 6 of hearts, 3 of hearts\n9 of clubs, 2 of clubs, jack of hearts, 2 of spades, 8 of clubs\n8 of diamonds, 5 of spades, jack of diamonds, 7 of spades, 5 of clubs\n6 of spades, queen of hearts, 10 of spades, queen of spades, queen of clubs','\n',char(10)),'2024-06-06');
INSERT INTO game VALUES(25,17,10,'2024-06-06',76,24,-10,replace('jack of clubs\n8 of spades\nace of hearts\n4 of diamonds\n3 of spades\n2 of spades\n6 of spades\nking of diamonds\n5 of spades\n7 of spades\n3 of hearts\n7 of hearts\n10 of diamonds\njack of spades\n8 of diamonds\nqueen of spades\n4 of clubs\n3 of diamonds\n10 of hearts\n2 of clubs\nace of spades\nace of diamonds\n9 of hearts\nking of clubs\n7 of diamonds\n5 of hearts\njack of hearts','\n',char(10)),replace('2 of hearts, queen of clubs, 5 of clubs, 6 of clubs, 8 of clubs\n6 of hearts, queen of hearts, king of hearts, 4 of hearts, 8 of hearts\njack of diamonds, 4 of spades, 10 of spades, 9 of spades, king of spades\n2 of diamonds, queen of diamonds, 6 of diamonds, 5 of diamonds, 9 of diamonds\nace of clubs, 9 of clubs, 10 of clubs, 3 of clubs, 7 of clubs','\n',char(10)),'2024-06-06');
INSERT INTO game VALUES(26,18,10,'2024-06-07',14,7,0,replace('5 of clubs\n2 of hearts\n6 of hearts\nace of spades\n7 of hearts\n5 of diamonds\n8 of clubs\nace of clubs\n3 of diamonds\n7 of diamonds\n5 of spades\njack of clubs\n9 of clubs\n3 of spades\n7 of clubs\nace of hearts\n8 of spades\n10 of clubs\n9 of diamonds\n6 of spades\n3 of clubs\nqueen of spades\njack of spades\nking of spades\n9 of spades\nqueen of hearts\nqueen of diamonds','\n',char(10)),replace('king of hearts, 2 of clubs, ace of diamonds, 3 of hearts, 10 of diamonds\n10 of spades, 6 of diamonds, 8 of diamonds, king of diamonds, 2 of spades\nking of clubs, 2 of diamonds, 4 of hearts, 4 of spades, 6 of clubs\njack of diamonds, jack of hearts, 9 of hearts, 5 of hearts, 7 of spades\nqueen of clubs, 10 of hearts, 8 of hearts, 4 of clubs, 4 of diamonds','\n',char(10)),'2024-06-07');
INSERT INTO game VALUES(28,18,19,NULL,0,0,NULL,replace('2 of hearts\n5 of clubs\n5 of spades\n4 of clubs\nace of spades\n10 of hearts\n9 of spades\n7 of clubs\n5 of diamonds\njack of hearts\nqueen of diamonds\n4 of diamonds\n10 of clubs\n9 of clubs\nace of clubs\nking of clubs\nqueen of spades\n2 of diamonds\nqueen of hearts\n5 of hearts\n7 of hearts\njack of spades\nking of diamonds\nace of hearts\nking of spades\n8 of diamonds\n9 of hearts\n3 of diamonds\n4 of hearts\nqueen of clubs\n6 of hearts\n8 of spades\njack of clubs\nace of diamonds\n2 of clubs\n6 of spades\n8 of hearts\n2 of spades\n6 of clubs\n8 of clubs\n9 of diamonds\n3 of hearts\nking of hearts\njack of diamonds\n3 of clubs\n10 of spades\n4 of spades\n3 of spades','\n',char(10)),replace('null, null, null, null, null\nnull, null, 7 of diamonds, 7 of spades, null\nnull, 6 of diamonds, 10 of diamonds, null, null\nnull, null, null, null, null\nnull, null, null, null, null','\n',char(10)),'2024-06-07');
INSERT INTO game VALUES(29,18,2,NULL,0,0,NULL,replace('6 of hearts\n8 of diamonds\n10 of hearts\n10 of clubs\n10 of spades\n7 of clubs\n6 of spades\nace of hearts\n2 of diamonds\nking of spades\n8 of spades\n8 of hearts\n7 of hearts\njack of spades\n5 of spades\n2 of spades\nking of hearts\n7 of spades\n4 of clubs\n5 of hearts\n9 of clubs\n4 of hearts\n3 of hearts\n2 of hearts\n9 of diamonds\nqueen of clubs\nqueen of hearts\n4 of diamonds\nace of spades\n3 of diamonds\n9 of hearts\nace of clubs\n8 of clubs\n2 of clubs\njack of diamonds\nace of diamonds\n6 of clubs\n9 of spades\nking of diamonds\n10 of diamonds\n3 of clubs\njack of clubs\n7 of diamonds\n5 of diamonds\n6 of diamonds\n5 of clubs\n3 of spades\nking of clubs','\n',char(10)),replace('null, null, null, null, null\nnull, null, null, null, null\n4 of spades, queen of diamonds, queen of spades, jack of hearts, null\nnull, null, null, null, null\nnull, null, null, null, null','\n',char(10)),'2024-06-07');
INSERT INTO game VALUES(30,13,10,NULL,0,0,NULL,replace('6 of hearts\nace of spades\n5 of hearts\n9 of hearts\n3 of diamonds\nqueen of clubs\nking of spades\n6 of spades\n2 of diamonds\nking of clubs\nace of hearts\n4 of spades\n5 of clubs\n4 of clubs\njack of diamonds\n10 of hearts\n8 of diamonds\nking of hearts\n9 of clubs\n2 of spades\n7 of spades\n2 of hearts\nace of diamonds\n3 of clubs\n9 of spades\n10 of spades\nace of clubs\nqueen of hearts\n3 of spades\n6 of clubs\njack of spades\n7 of diamonds\n10 of clubs\n8 of spades\njack of clubs\nqueen of diamonds\n8 of clubs\n5 of diamonds\n6 of diamonds\nking of diamonds\n4 of hearts\njack of hearts\n8 of hearts\n5 of spades\n4 of diamonds\n3 of hearts\n2 of clubs\n10 of diamonds\nqueen of spades\n7 of hearts\n7 of clubs\n9 of diamonds','\n',char(10)),replace('null, null, null, null, null\nnull, null, null, null, null\nnull, null, null, null, null\nnull, null, null, null, null\nnull, null, null, null, null','\n',char(10)),'2024-06-19');
INSERT INTO game VALUES(31,20,10,NULL,0,0,NULL,replace('jack of hearts\n2 of spades\nking of clubs\n10 of clubs\n4 of hearts\n6 of spades\n3 of diamonds\n10 of diamonds\nace of clubs\njack of clubs\n8 of clubs\n5 of spades\n5 of diamonds\n9 of diamonds\nking of spades\nace of diamonds\njack of spades\n2 of diamonds\n7 of clubs\n2 of hearts\nqueen of diamonds\n5 of hearts\n7 of hearts\n4 of spades\n5 of clubs\n9 of clubs\n3 of clubs\n7 of diamonds\nqueen of spades\njack of diamonds\n4 of clubs\n2 of clubs\n7 of spades\nqueen of hearts\n6 of clubs\n8 of spades\n3 of hearts','\n',char(10)),replace('king of hearts, 8 of hearts, ace of hearts, null, null\nnull, null, null, null, null\nnull, null, 3 of spades, null, null\nnull, null, null, null, null\nnull, null, null, null, null','\n',char(10)),'2024-06-20');
INSERT INTO game VALUES(33,22,10,'2024-06-20',13,7,-10,replace('2 of clubs\nqueen of hearts\n10 of clubs\n3 of hearts\n8 of clubs\nace of clubs\n4 of hearts\n8 of spades\n10 of hearts\n7 of hearts\n9 of spades\nace of hearts\n5 of hearts\n9 of clubs','\n',char(10)),replace('4 of diamonds, 9 of diamonds, 4 of spades, 9 of hearts, jack of clubs\n10 of diamonds, queen of diamonds, queen of clubs, king of spades, 4 of clubs\nking of hearts, 7 of diamonds, 2 of hearts, jack of diamonds, 6 of clubs\n10 of spades, 2 of spades, 8 of diamonds, king of diamonds, 3 of spades\n7 of spades, jack of spades, jack of hearts, 3 of diamonds, 8 of hearts','\n',char(10)),'2024-06-20');
INSERT INTO game VALUES(37,23,10,NULL,0,0,NULL,replace('4 of hearts\n7 of hearts\n6 of spades\n3 of clubs\n6 of diamonds\njack of diamonds\nking of spades\n5 of diamonds\n2 of spades\nace of diamonds\n10 of diamonds\n5 of hearts\n3 of spades\nqueen of hearts\n4 of diamonds\njack of clubs\nking of diamonds\n5 of clubs\njack of spades\n4 of spades\n7 of spades\n2 of hearts\n5 of spades\n6 of clubs\n3 of hearts\n3 of diamonds\n7 of clubs\nqueen of spades\n8 of diamonds\nking of hearts\n9 of hearts\n9 of diamonds\n6 of hearts\n2 of diamonds\nqueen of diamonds\n8 of spades\n10 of hearts\nqueen of clubs\n10 of spades\nking of clubs\n8 of clubs\n2 of clubs\nace of clubs\nace of spades\nace of hearts','\n',char(10)),replace('jack of hearts, 8 of hearts, null, null, null\nnull, null, null, null, null\nnull, null, null, null, 10 of clubs\n7 of diamonds, 9 of spades, null, null, 9 of clubs\nnull, null, null, null, 4 of clubs','\n',char(10)),'2024-06-25');
DELETE FROM sqlite_sequence;
INSERT INTO sqlite_sequence VALUES('book',725);
INSERT INTO sqlite_sequence VALUES('player',25);
INSERT INTO sqlite_sequence VALUES('game',39);
CREATE INDEX IDX_75EA56E0FB7336F0 ON messenger_messages (queue_name);
CREATE INDEX IDX_75EA56E0E3BD61CE ON messenger_messages (available_at);
CREATE INDEX IDX_75EA56E016BA31DB ON messenger_messages (delivered_at);
CREATE INDEX IDX_232B318CC036E511 ON game (player_id_id);
COMMIT;
