PRAGMA foreign_keys=OFF;
BEGIN TRANSACTION;
CREATE TABLE messenger_messages (id INTEGER PRIMARY KEY AUTOINCREMENT NOT NULL, body CLOB NOT NULL, headers CLOB NOT NULL, queue_name VARCHAR(190) NOT NULL, created_at DATETIME NOT NULL --(DC2Type:datetime_immutable)
        , available_at DATETIME NOT NULL --(DC2Type:datetime_immutable)
        , delivered_at DATETIME DEFAULT NULL --(DC2Type:datetime_immutable)
        );
CREATE TABLE book (id INTEGER PRIMARY KEY AUTOINCREMENT NOT NULL, title VARCHAR(255) NOT NULL, isbn VARCHAR(255) NOT NULL, image VARCHAR(255) DEFAULT NULL, firstname VARCHAR(255) DEFAULT NULL, surname VARCHAR(255) DEFAULT NULL);
INSERT INTO book VALUES(1,'De små hästarna i Tarquinia','9789174610239','img/books/9789174610239.jpg','Marguerite','Duras');
INSERT INTO book VALUES(4,'Dune','9780441013593','/img/books/9780441013593.jpg','Frank','Herbert');
INSERT INTO book VALUES(6,'Revival Deluxe Collection Volume 1','9781607068143','/img/books/9781607068143.jpg','Tim','Seeley');
CREATE TABLE player (id INTEGER PRIMARY KEY AUTOINCREMENT NOT NULL, name VARCHAR(255) DEFAULT NULL, balance INTEGER DEFAULT NULL);
INSERT INTO player VALUES(17,'Tjongas',-10);
INSERT INTO player VALUES(27,'Korren',20);
INSERT INTO player VALUES(28,'Cave',-60);
INSERT INTO player VALUES(29,'Oxy',-350);
INSERT INTO player VALUES(30,'Lemuren',45);
INSERT INTO player VALUES(31,'Challe',30);
CREATE TABLE doctrine_migration_versions (version VARCHAR(191) NOT NULL, executed_at DATETIME DEFAULT NULL, execution_time INTEGER DEFAULT NULL, PRIMARY KEY(version));
INSERT INTO doctrine_migration_versions VALUES('DoctrineMigrations\Version20240620172915','2024-06-20 17:30:24',3);
CREATE TABLE game (id INTEGER PRIMARY KEY AUTOINCREMENT NOT NULL, player_id_id INTEGER NOT NULL, bet INTEGER NOT NULL, finished DATE DEFAULT NULL, american_score INTEGER NOT NULL, british_score INTEGER NOT NULL, winnings INTEGER DEFAULT NULL, deck VARCHAR(255) NOT NULL, placement VARCHAR(255) NOT NULL, saved_date DATE NOT NULL, CONSTRAINT FK_232B318CC036E511 FOREIGN KEY (player_id_id) REFERENCES player (id) ON UPDATE NO ACTION ON DELETE NO ACTION NOT DEFERRABLE INITIALLY IMMEDIATE);
INSERT INTO game VALUES(24,17,25,'2024-06-06',113,45,-25,replace('9 of hearts\nking of hearts\n3 of clubs\nking of spades\n9 of spades\njack of clubs\n2 of diamonds\nace of hearts\n5 of diamonds\njack of spades\n6 of clubs\nace of clubs\n10 of hearts\n8 of spades\nking of clubs\nqueen of diamonds\n10 of clubs\n3 of spades\n4 of clubs\n4 of diamonds\n4 of spades\n6 of diamonds\nace of spades\n8 of hearts\nking of diamonds\n7 of clubs\n7 of hearts','\n',char(10)),replace('7 of diamonds, 3 of diamonds, ace of diamonds, 10 of diamonds, 9 of diamonds\n4 of hearts, 2 of hearts, 5 of hearts, 6 of hearts, 3 of hearts\n9 of clubs, 2 of clubs, jack of hearts, 2 of spades, 8 of clubs\n8 of diamonds, 5 of spades, jack of diamonds, 7 of spades, 5 of clubs\n6 of spades, queen of hearts, 10 of spades, queen of spades, queen of clubs','\n',char(10)),'2024-06-06');
INSERT INTO game VALUES(25,17,10,'2024-06-06',76,24,-10,replace('jack of clubs\n8 of spades\nace of hearts\n4 of diamonds\n3 of spades\n2 of spades\n6 of spades\nking of diamonds\n5 of spades\n7 of spades\n3 of hearts\n7 of hearts\n10 of diamonds\njack of spades\n8 of diamonds\nqueen of spades\n4 of clubs\n3 of diamonds\n10 of hearts\n2 of clubs\nace of spades\nace of diamonds\n9 of hearts\nking of clubs\n7 of diamonds\n5 of hearts\njack of hearts','\n',char(10)),replace('2 of hearts, queen of clubs, 5 of clubs, 6 of clubs, 8 of clubs\n6 of hearts, queen of hearts, king of hearts, 4 of hearts, 8 of hearts\njack of diamonds, 4 of spades, 10 of spades, 9 of spades, king of spades\n2 of diamonds, queen of diamonds, 6 of diamonds, 5 of diamonds, 9 of diamonds\nace of clubs, 9 of clubs, 10 of clubs, 3 of clubs, 7 of clubs','\n',char(10)),'2024-06-06');
INSERT INTO game VALUES(42,27,10,NULL,0,0,NULL,replace('9 of clubs\nace of clubs\n9 of diamonds\n6 of clubs\n8 of spades\njack of diamonds\n2 of diamonds\n5 of diamonds\n4 of clubs\n5 of hearts\n4 of diamonds\n5 of clubs\n6 of hearts\n10 of spades\n2 of clubs\n9 of hearts\nqueen of spades\n7 of spades\n10 of hearts\n3 of diamonds\n7 of hearts\n3 of hearts\n8 of hearts\nqueen of diamonds\njack of hearts\n10 of clubs\nking of hearts\n10 of diamonds\n8 of clubs\nqueen of hearts\nace of spades\n4 of hearts\nqueen of clubs\n4 of spades\n7 of diamonds\n6 of diamonds\n7 of clubs\nking of clubs\n8 of diamonds\nking of diamonds\njack of clubs\nking of spades\njack of spades\n6 of spades\nace of diamonds\n2 of hearts\n2 of spades\nace of hearts\n5 of spades\n9 of spades\n3 of spades','\n',char(10)),replace('null, null, null, null, null\nnull, null, null, null, null\nnull, null, null, null, null\nnull, null, null, null, null\nnull, null, null, 3 of clubs, null','\n',char(10)),'2024-06-27');
INSERT INTO game VALUES(43,27,10,'2024-06-27',35,15,-10,replace('7 of spades\n7 of hearts\njack of hearts\n2 of diamonds\n10 of spades\n3 of clubs\nace of spades\nace of diamonds\n4 of diamonds\n8 of hearts\n2 of hearts\n10 of diamonds\n9 of clubs\n5 of diamonds\nking of clubs\n2 of spades\n4 of spades\n6 of spades\n2 of clubs\nking of spades\n9 of diamonds\n10 of clubs\nqueen of hearts\n10 of hearts\n9 of hearts','\n',char(10)),replace('9 of spades, king of diamonds, jack of diamonds, 4 of hearts, 3 of hearts\n8 of clubs, 5 of spades, 8 of diamonds, 7 of diamonds, 6 of diamonds\njack of clubs, king of hearts, jack of spades, queen of diamonds, 6 of hearts\n7 of clubs, 6 of clubs, 5 of hearts, ace of clubs, 3 of diamonds\n5 of clubs, 8 of spades, queen of clubs, 4 of clubs, 3 of spades','\n',char(10)),'2024-06-27');
INSERT INTO game VALUES(44,27,10,NULL,20,5,NULL,replace('jack of clubs\n10 of diamonds\nace of spades\n10 of hearts\nking of diamonds\n7 of clubs\n9 of clubs\n7 of spades\n2 of spades\n6 of diamonds\nqueen of hearts\n5 of hearts\n3 of hearts\n8 of hearts\n6 of hearts\n2 of diamonds\n4 of hearts\n8 of clubs\n8 of diamonds\n7 of diamonds\nace of diamonds\n10 of spades\n2 of clubs\njack of hearts\nqueen of diamonds\n3 of clubs\n9 of spades\n5 of clubs\n10 of clubs\n3 of diamonds\nace of hearts\nking of hearts\nking of clubs\n6 of clubs\njack of diamonds\nqueen of spades\n4 of spades\n7 of hearts\n5 of diamonds','\n',char(10)),replace('queen of clubs, jack of spades, null, null, king of spades\nnull, null, 9 of diamonds, null, 6 of spades\nnull, null, 4 of diamonds, 2 of hearts, 5 of spades\nace of clubs, null, null, 9 of hearts, 8 of spades\n4 of clubs, null, null, null, 3 of spades','\n',char(10)),'2024-06-27');
INSERT INTO game VALUES(45,28,50,'2024-06-27',9,5,-50,replace('ace of diamonds\nking of spades\n7 of diamonds\n3 of clubs\njack of clubs\nking of diamonds\n7 of spades\n8 of spades\n8 of clubs\n6 of hearts\n9 of hearts\n2 of clubs\nqueen of clubs\n8 of hearts\n4 of spades\nqueen of spades\n3 of diamonds\n9 of diamonds\n2 of diamonds\n10 of clubs\n10 of diamonds\n4 of diamonds\n6 of diamonds\nqueen of hearts\n5 of spades\nqueen of diamonds\n7 of hearts','\n',char(10)),replace('3 of hearts, jack of spades, ace of spades, 9 of clubs, 10 of hearts\n8 of diamonds, king of clubs, 10 of spades, 6 of spades, 7 of clubs\n4 of hearts, 5 of diamonds, 4 of clubs, ace of clubs, 5 of clubs\njack of diamonds, 9 of spades, 3 of spades, 2 of hearts, ace of hearts\njack of hearts, king of hearts, 6 of clubs, 5 of hearts, 2 of spades','\n',char(10)),'2024-06-27');
INSERT INTO game VALUES(46,29,50,NULL,0,0,NULL,replace('4 of clubs\n10 of diamonds\n9 of clubs\n2 of spades\n10 of spades\n3 of hearts\n2 of hearts\nace of clubs\n8 of diamonds\n4 of spades\n10 of hearts\n4 of hearts\n3 of diamonds\n2 of diamonds\n2 of clubs\n3 of spades\n9 of hearts\n5 of clubs\nqueen of clubs\nace of spades\njack of diamonds\n9 of spades\n3 of clubs\n9 of diamonds\n4 of diamonds\n7 of clubs\nking of clubs\nqueen of spades\n6 of spades\n8 of spades\nking of diamonds\n8 of hearts\n6 of diamonds\njack of clubs\nking of hearts\n6 of hearts\n10 of clubs\n5 of spades\n7 of diamonds\njack of spades\n6 of clubs\n7 of hearts\n5 of diamonds\nace of hearts\n5 of hearts\nace of diamonds\nqueen of diamonds\n7 of spades\njack of hearts\nking of spades\nqueen of hearts','\n',char(10)),replace('null, null, null, null, null\nnull, null, null, null, null\nnull, null, 8 of clubs, null, null\nnull, null, null, null, null\nnull, null, null, null, null','\n',char(10)),'2024-06-27');
INSERT INTO game VALUES(47,29,50,'2024-06-27',23,13,-50,replace('2 of clubs\n7 of clubs\n3 of diamonds\n10 of spades\n10 of hearts\n6 of diamonds\nqueen of hearts\nace of clubs\n7 of hearts\n2 of spades\n6 of spades\n9 of hearts\n8 of spades\nqueen of spades\njack of diamonds\n7 of spades\nace of spades\nace of diamonds\n5 of clubs\n3 of spades\n3 of clubs\n8 of diamonds\n5 of spades\n2 of hearts\njack of spades','\n',char(10)),replace('10 of diamonds, 9 of spades, queen of diamonds, 8 of hearts, 9 of diamonds\njack of clubs, 9 of clubs, king of diamonds, king of hearts, 8 of clubs\n3 of hearts, king of spades, 4 of spades, 6 of hearts, jack of hearts\n4 of clubs, 5 of diamonds, 4 of hearts, 10 of clubs, 5 of hearts\nking of clubs, 7 of diamonds, 4 of diamonds, 6 of clubs, 2 of diamonds','\n',char(10)),'2024-06-27');
INSERT INTO game VALUES(48,28,10,'2024-06-27',28,9,-10,replace('7 of diamonds\n5 of spades\nking of clubs\njack of spades\nqueen of diamonds\n8 of hearts\n5 of clubs\n9 of spades\n10 of diamonds\n7 of spades\n4 of spades\n4 of clubs\n6 of spades\n5 of diamonds\njack of diamonds\n3 of diamonds\n6 of hearts\n10 of hearts\n4 of diamonds\n10 of clubs\n2 of hearts\n5 of hearts\n8 of clubs\nace of diamonds\n7 of clubs\nace of clubs','\n',char(10)),replace('3 of hearts, 9 of hearts, king of hearts, 4 of hearts, ace of hearts\nqueen of spades, jack of clubs, 6 of clubs, king of spades, king of diamonds\n6 of diamonds, 8 of spades, 10 of spades, 8 of diamonds, queen of hearts\nace of spades, 3 of spades, 2 of spades, 9 of diamonds, jack of hearts\n3 of clubs, 2 of clubs, queen of clubs, 9 of clubs, 7 of hearts','\n',char(10)),'2024-06-27');
INSERT INTO game VALUES(49,29,50,NULL,0,0,NULL,replace('5 of clubs\nking of hearts\n5 of hearts\nace of diamonds\n9 of spades\nking of diamonds\n8 of clubs\n2 of clubs\n2 of hearts\n4 of hearts\n7 of hearts\njack of hearts\n6 of hearts\nking of spades\nqueen of hearts\njack of spades\n7 of diamonds\n8 of spades\n4 of diamonds\n7 of spades\n5 of diamonds\nace of spades\n3 of clubs\n7 of clubs\n9 of diamonds\n10 of clubs\nking of clubs\n3 of spades\n4 of clubs\n6 of diamonds\n6 of clubs\n2 of diamonds\nqueen of diamonds\n3 of hearts\njack of clubs\n10 of spades\njack of diamonds\nace of hearts\n3 of diamonds\n10 of diamonds\n5 of spades\n10 of hearts\n4 of spades\n9 of clubs\n8 of hearts\n9 of hearts\n6 of spades\n2 of spades\n8 of diamonds\nqueen of clubs','\n',char(10)),replace('queen of spades, null, null, null, null\nnull, ace of clubs, null, null, null\nnull, null, null, null, null\nnull, null, null, null, null\nnull, null, null, null, null','\n',char(10)),'2024-06-27');
INSERT INTO game VALUES(50,28,50,'2024-06-27',66,27,-50,replace('jack of diamonds\nace of clubs\nking of diamonds\n10 of hearts\njack of spades\n10 of diamonds\n8 of clubs\n8 of diamonds\n3 of spades\n4 of diamonds\n9 of hearts\nace of hearts\nking of spades\n3 of diamonds\njack of clubs\n8 of spades\nqueen of clubs\n6 of diamonds\n2 of spades\n5 of diamonds\n4 of spades\n4 of hearts\n6 of clubs\n6 of hearts\njack of hearts\n3 of hearts\n10 of clubs','\n',char(10)),replace('5 of spades, 6 of spades, 9 of spades, 7 of spades, ace of spades\nking of hearts, 7 of clubs, 7 of diamonds, 7 of hearts, king of clubs\n2 of hearts, 4 of clubs, 8 of hearts, 5 of hearts, queen of spades\n5 of clubs, queen of diamonds, 9 of clubs, 2 of clubs, queen of hearts\n2 of diamonds, ace of diamonds, 9 of diamonds, 3 of clubs, 10 of spades','\n',char(10)),'2024-06-27');
INSERT INTO game VALUES(51,30,5,'2024-06-27',15,8,-5,replace('9 of clubs\njack of spades\n9 of hearts\n9 of spades\nace of diamonds\njack of diamonds\n10 of diamonds\n2 of clubs\n7 of clubs\nace of spades\n5 of spades\n8 of spades\n2 of spades\n7 of hearts\n5 of hearts\n3 of clubs\njack of clubs\n9 of diamonds\nqueen of hearts\n10 of clubs\nace of hearts\n6 of spades\nace of clubs\n5 of clubs\n6 of hearts\nking of clubs\n3 of diamonds','\n',char(10)),replace('4 of spades, 3 of spades, 4 of clubs, 5 of diamonds, 10 of hearts\n4 of hearts, 8 of hearts, 7 of spades, queen of diamonds, queen of clubs\n8 of clubs, king of diamonds, 3 of hearts, king of hearts, 10 of spades\n8 of diamonds, 6 of clubs, king of spades, jack of hearts, 2 of diamonds\nqueen of spades, 6 of diamonds, 2 of hearts, 4 of diamonds, 7 of diamonds','\n',char(10)),'2024-06-27');
INSERT INTO game VALUES(52,31,10,'2024-06-27',110,41,-10,replace('7 of clubs\nqueen of spades\n7 of spades\nace of spades\n5 of diamonds\n5 of hearts\njack of clubs\nace of diamonds\n6 of clubs\njack of spades\nqueen of diamonds\n5 of clubs\n6 of spades\n10 of diamonds\n8 of hearts\njack of hearts\nqueen of hearts\n6 of hearts\n7 of diamonds\n7 of hearts\n8 of clubs\n9 of diamonds\nace of clubs\n8 of spades\nking of hearts\n2 of clubs\nking of clubs','\n',char(10)),replace('8 of diamonds, king of diamonds, jack of diamonds, 6 of diamonds, 2 of diamonds\n2 of hearts, 10 of hearts, 3 of hearts, 9 of hearts, 4 of hearts\n4 of spades, 10 of spades, 3 of spades, 2 of spades, 5 of spades\nqueen of clubs, 10 of clubs, 9 of clubs, 4 of clubs, 3 of clubs\nking of spades, 4 of diamonds, 9 of spades, 3 of diamonds, ace of hearts','\n',char(10)),'2024-06-27');
INSERT INTO game VALUES(53,31,5,'2024-06-27',164,51,-5,replace('5 of diamonds\njack of clubs\n9 of spades\n3 of spades\n6 of hearts\n5 of hearts\nking of clubs\nace of hearts\n5 of clubs\n7 of spades\n10 of spades\n6 of clubs\nace of spades\n4 of spades\n7 of hearts\n4 of hearts\n6 of diamonds\nqueen of spades\n2 of spades\n5 of spades\n2 of diamonds\n4 of clubs\n6 of spades\n2 of clubs\nqueen of clubs\n2 of hearts\n3 of hearts','\n',char(10)),replace('8 of clubs, 8 of diamonds, 8 of hearts, 8 of spades, 7 of diamonds\n10 of clubs, 10 of diamonds, 10 of hearts, 9 of hearts, 9 of diamonds\n3 of clubs, 4 of diamonds, jack of hearts, 7 of clubs, 3 of diamonds\nace of clubs, ace of diamonds, king of hearts, king of spades, jack of diamonds\n9 of clubs, king of diamonds, queen of hearts, jack of spades, queen of diamonds','\n',char(10)),'2024-06-27');
INSERT INTO game VALUES(54,29,50,NULL,4,2,NULL,replace('6 of clubs\n4 of hearts\n10 of diamonds\njack of spades\n7 of spades\nqueen of diamonds\n2 of clubs\n6 of spades\nqueen of hearts\njack of hearts\n8 of hearts\njack of clubs\n8 of clubs\n9 of diamonds\n8 of diamonds\n6 of diamonds\n4 of diamonds\nqueen of clubs\n3 of hearts\n2 of diamonds\n4 of clubs\n6 of hearts\n3 of clubs\n9 of clubs\n9 of hearts\n5 of diamonds\nace of diamonds\n2 of hearts\njack of diamonds\n8 of spades\nking of spades\n7 of hearts\n5 of clubs\n9 of spades\n10 of spades\n10 of clubs\n2 of spades\n7 of diamonds','\n',char(10)),replace('queen of spades, king of diamonds, 10 of hearts, null, null\nnull, ace of spades, 5 of spades, null, null\nnull, 5 of hearts, ace of clubs, null, null\nnull, 3 of spades, king of clubs, null, null\nnull, king of hearts, ace of hearts, 4 of spades, null','\n',char(10)),'2024-06-27');
INSERT INTO game VALUES(55,29,50,'2024-06-27',10,5,-50,replace('ace of diamonds\n5 of clubs\n8 of spades\n2 of hearts\n9 of clubs\n5 of hearts\n3 of spades\n4 of hearts\njack of clubs\n2 of spades\nking of spades\njack of hearts\n4 of clubs\njack of diamonds\nqueen of spades\n6 of hearts\nqueen of hearts\n8 of hearts\n4 of diamonds\n3 of clubs\n7 of diamonds\nqueen of diamonds\n5 of diamonds\nqueen of clubs\n6 of spades\nace of hearts\n10 of diamonds','\n',char(10)),replace('7 of spades, 5 of spades, 9 of diamonds, 8 of clubs, king of diamonds\n2 of diamonds, 10 of clubs, 7 of hearts, jack of spades, 7 of clubs\nace of clubs, 6 of diamonds, 2 of clubs, 3 of hearts, 10 of spades\nace of spades, 3 of diamonds, 9 of hearts, 4 of spades, 10 of hearts\n8 of diamonds, king of hearts, king of clubs, 9 of spades, 6 of clubs','\n',char(10)),'2024-06-27');
INSERT INTO game VALUES(56,29,50,'2024-06-27',22,12,-50,replace('ace of diamonds\n4 of clubs\n3 of diamonds\nqueen of diamonds\n7 of clubs\n10 of clubs\n8 of spades\n9 of clubs\nace of clubs\njack of diamonds\njack of spades\nking of spades\n9 of hearts\njack of clubs\njack of hearts\n6 of spades\n3 of spades\n6 of clubs\nace of hearts\nking of diamonds\nqueen of hearts\n9 of spades\nqueen of spades\n3 of clubs\n2 of spades\n5 of diamonds\nking of clubs','\n',char(10)),replace('7 of hearts, 7 of diamonds, 4 of spades, 2 of hearts, 7 of spades\n6 of hearts, 5 of clubs, 10 of hearts, 2 of diamonds, 4 of diamonds\nqueen of clubs, 3 of hearts, ace of spades, 10 of spades, 10 of diamonds\n2 of clubs, 6 of diamonds, 8 of diamonds, king of hearts, 8 of clubs\n5 of hearts, 5 of spades, 9 of diamonds, 8 of hearts, 4 of hearts','\n',char(10)),'2024-06-27');
INSERT INTO game VALUES(57,29,50,'2024-06-27',68,39,-50,replace('6 of hearts\nking of clubs\njack of diamonds\n5 of hearts\n4 of diamonds\n9 of clubs\n7 of clubs\n3 of clubs\n10 of spades\nace of hearts\nqueen of spades\nace of diamonds\n8 of hearts\n2 of diamonds\n10 of hearts\n7 of hearts\nqueen of diamonds\nking of diamonds\nace of clubs\nking of hearts\njack of spades\n2 of hearts\njack of clubs\n7 of spades\nace of spades\n5 of diamonds\n10 of diamonds','\n',char(10)),replace('king of spades, 5 of spades, 8 of spades, 4 of spades, 3 of spades\nqueen of clubs, 4 of clubs, queen of hearts, 7 of diamonds, 3 of hearts\n10 of clubs, 4 of hearts, 6 of clubs, 3 of diamonds, 2 of spades\n9 of spades, 9 of diamonds, 8 of clubs, 5 of clubs, 2 of clubs\njack of hearts, 8 of diamonds, 6 of spades, 6 of diamonds, 9 of hearts','\n',char(10)),'2024-06-27');
INSERT INTO game VALUES(58,29,50,NULL,40,22,NULL,replace('ace of clubs\n5 of clubs\n3 of diamonds\n10 of hearts\nace of hearts\n5 of spades\n4 of clubs\n6 of diamonds\njack of diamonds\nqueen of diamonds\njack of spades\nking of clubs\n9 of clubs\n9 of hearts\n4 of hearts\n8 of hearts\n2 of diamonds\njack of clubs\nqueen of spades\n4 of diamonds\n5 of hearts\n2 of hearts\n7 of spades\nking of spades\n2 of clubs\n3 of spades\n7 of hearts\n6 of spades\n4 of spades\nqueen of hearts\nking of diamonds\n9 of spades\n2 of spades','\n',char(10)),replace('3 of clubs, null, 3 of hearts, null, king of hearts\n5 of diamonds, null, null, ace of spades, ace of diamonds\n7 of diamonds, 8 of clubs, 9 of diamonds, null, jack of hearts\n6 of hearts, 6 of clubs, 7 of clubs, null, queen of clubs\n8 of diamonds, 8 of spades, 10 of spades, 10 of diamonds, 10 of clubs','\n',char(10)),'2024-06-27');
INSERT INTO game VALUES(59,31,5,'2024-06-27',59,44,-5,replace('6 of spades\n8 of spades\n6 of hearts\nace of diamonds\njack of clubs\n5 of diamonds\n7 of diamonds\nking of spades\n2 of hearts\n5 of hearts\n5 of spades\n2 of clubs\njack of hearts\n2 of spades\nqueen of clubs\n9 of diamonds\n3 of spades\n7 of hearts\nking of hearts\n4 of spades\n4 of hearts\n4 of diamonds\n3 of clubs\n5 of clubs\nking of clubs\nqueen of diamonds\n8 of clubs','\n',char(10)),replace('ace of clubs, 10 of hearts, ace of hearts, 10 of spades, 8 of hearts\nking of diamonds, 3 of diamonds, 3 of hearts, 9 of spades, 9 of hearts\nqueen of spades, queen of hearts, ace of spades, jack of spades, 10 of diamonds\njack of diamonds, 6 of diamonds, 2 of diamonds, 7 of spades, 4 of clubs\n10 of clubs, 7 of clubs, 9 of clubs, 8 of diamonds, 6 of clubs','\n',char(10)),'2024-06-27');
DELETE FROM sqlite_sequence;
INSERT INTO sqlite_sequence VALUES('book',725);
INSERT INTO sqlite_sequence VALUES('player',31);
INSERT INTO sqlite_sequence VALUES('game',59);
CREATE INDEX IDX_75EA56E0FB7336F0 ON messenger_messages (queue_name);
CREATE INDEX IDX_75EA56E0E3BD61CE ON messenger_messages (available_at);
CREATE INDEX IDX_75EA56E016BA31DB ON messenger_messages (delivered_at);
CREATE INDEX IDX_232B318CC036E511 ON game (player_id_id);
COMMIT;
